{"cameraMode":{"drawMode":0,"name":"Shaded","section":"Shading Mode"},"sceneLighting":true,"audioPlay":false,"sceneViewState":{"showFog":true,"showMaterialUpdate":false,"showSkybox":true,"showFlares":true,"showImageEffects":true,"showParticleSystems":true},"in2DMode":false,"pivot":{"x":1.426815152168274,"y":3.200961112976074,"z":7.260310649871826},"rotation":{"x":0.05057752877473831,"y":-0.1249164417386055,"z":-0.006375976838171482,"w":-0.9908561706542969},"size":5.149519443511963,"orthographic":false}